autoencoder,manifold,time_fit,trustworthiness_train,trustworthiness_test
LinearAutoencoder,TSNE,6.558457374572754,0.9762438711118557,0.8875653250773994
LinearAutoencoder,LocallyLinearEmbedding,2.5062220096588135,0.807851901491037,0.7972119711042311
LinearSparseAutoencoder,TSNE,6.3877716064453125,0.974354810967778,0.8806105263157895
LinearSparseAutoencoder,LocallyLinearEmbedding,3.465411424636841,0.7976426425420227,0.7845969040247678
DenoisingSparseAutoencoder,TSNE,7.401456594467163,0.9739364941084492,0.8902740970072239
DenoisingSparseAutoencoder,LocallyLinearEmbedding,3.5330755710601807,0.8235778969118221,0.8238402476780186
None,TSNE,4.053179740905762,0.8586929468922768,0.7001424148606812
None,LocallyLinearEmbedding,1.1376018524169922,0.6262989668844586,0.6334476780185758
